Name,Index,ID,File
Generated by Getallcard.exe,0000,0000,card_ura.bmp 
Earthbound Spirit,0001,0001,LON055.bmp 
Armored Starfish,0002,0002,LOB116.bmp 
Armored Lizard,0003,0003,MRD005.bmp 
Armaill,0004,0004,LOB079.bmp 
Ancient Tool,0005,0005,LCJ174.bmp 
The Little Swordsman of Aile,0006,0006,MRD085.bmp 
Bite Shoes,0007,0007,PSV080.bmp 
Rhaimundos of the Red Sword,0008,0008,token_sl.bmp 
Aqua Snake,0009,0009,token_sl.bmp 
Aqua Dragon,0010,0010,token_sl.bmp 
Aqua Chorus,0011,0011,zzz020.bmp 
Aqua Madoor,0012,0012,LOB027.bmp 
Unknown Warrior of Fiend,0013,0013,token_sl.bmp 
Beastly Mirror Ritual,0014,0014,token_sl.bmp 
Malevolent Nuzzler,0015,0015,MRL005.bmp 
Skull Dice,0016,0016,EDS003.bmp 
Tainted Wisdom,0017,0017,MRD081.bmp 
Hiro's Shadow Scout,0018,0018,MRL024.bmp 
Exile of the Wicked,0019,0019,TP2004.bmp 
Nightmare's Steelcage,0020,0020,zzz050.bmp 
Ansatsu,0021,0021,SDY016.bmp 
The Shallow Grave,0022,0022,PSV036.bmp 
Acid Crawler,0023,0023,token_sl.bmp 
Axe Raider,0024,0024,TP1002.bmp 
Fiend Reflection #1,0025,0025,token_sl.bmp 
Amazon Archer,0026,0026,LON032.bmp 
Reverse Trap,0027,0027,SDY047.bmp 
Ameba,0028,0028,MRL010.bmp 
Arlownay,0029,0029,token_sl.bmp 
Darkfire Dragon,0030,0030,LOB019.bmp 
Gaia The Fierce Knight,0031,0031,SDY007.bmp 
Gaia The Fierce Knight,0032,0032,token_sl.bmp 
The Dark Door,0033,0033,LON093.bmp 
Blackland Fire Dragon,0034,0034,MRD062.bmp 
Invitation to a Dark Sleep,0035,0035,PSV082.bmp 
Dark Titan of Terror,0036,0036,token_sl.bmp 
Beast of Gilfer,0037,0037,zzz025.bmp 
Zombie Warrior,0038,0038,token_sl.bmp 
Arma Knight,0039,0039,token_sl.bmp 
The Statue of Easter Island,0040,0040,TP1019.bmp 
The Furious Sea King,0041,0041,LOB033.bmp 
Drooling Lizard,0042,0042,LOB115.bmp 
Mask of Restrict,0043,0043,LON018.bmp 
Swordsman from a Foreign Land,0044,0044,token_sl.bmp 
Invader from Another Dimension,0045,0045,token_sl.bmp 
Dimensional Warrior,0046,0046,zzz043.bmp 
Fairy of the Fountain,0047,0047,token_sl.bmp 
The Last Warrior from Another Planet,0048,0048,LON077.bmp 
Windstorm of Etaqua,0049,0049,PCY001.bmp 
Delinquent Duo,0050,0050,MRL039.bmp 
Share the Pain,0051,0051,MRD140.bmp 
The Regulation of Tribe,0052,0052,PSV027.bmp 
Horn of the Unicorn,0053,0053,MRL054.bmp 
Lightning Blade,0054,0054,LON022.bmp 
Living Vase,0055,0055,token_sl.bmp 
Hourglass of Life,0056,0056,token_sl.bmp 
That Which Feeds on Life,0057,0057,token_sl.bmp 
Minar,0058,0058,MRL015.bmp 
Obese Marmot of Nefariousness,0059,0059,token_sl.bmp 
Illusionist Faceless Mage,0060,0060,MRD068.bmp 
Mystical Sheep #1,0061,0061,TP2013.bmp 
Black Illusion Ritual,0062,0062,MRL051.bmp 
The Rock Spirit,0063,0063,LON069.bmp 
Minomushi Warrior,0064,0064,token_sl.bmp 
Alinsection,0065,0065,token_sl.bmp 
Insect Queen,0066,0066,zzz022.bmp 
Horn Imp,0067,0067,token_sl.bmp 
Destiny Board,0068,0068,LON088.bmp 
Whiptail Crow,0069,0069,MRL027.bmp 
Wilmee,0070,0070,token_sl.bmp 
Wing Eagle,0071,0071,token_sl.bmp 
Wing Egg Elf,0072,0072,token_sl.bmp 
Wetha,0073,0073,token_sl.bmp 
Weather Control,0074,0074,token_sl.bmp 
Weather Report,0075,0075,MRL020.bmp 
Rock Ogre Grotto #2,0076,0076,token_sl.bmp 
Water Element,0077,0077,token_sl.bmp 
Water Girl,0078,0078,token_sl.bmp 
Umiiruka,0079,0079,MRL097.bmp 
Wall Shadow,0080,0080,MRL056.bmp 
Ushi Oni,0081,0081,MP1013.bmp 
Beautiful Beast Trainer,0082,0082,token_sl.bmp 
Wood Clown,0083,0083,token_sl.bmp 
Tailor of the Fickle,0084,0084,MRL042.bmp 
Amazon of the Seas,0085,0085,token_sl.bmp 
Umi,0086,0086,LOB050.bmp 
Guardian of the Sea,0087,0087,token_sl.bmp 
Waterdragon Fairy,0088,0088,token_sl.bmp 
Candle of Fate,0089,0089,token_sl.bmp 
Air Eater,0090,0090,token_sl.bmp 
Eternal Draught,0091,0091,token_sl.bmp 
Ekibyo Drakmord,0092,0092,LON099.bmp 
Exchange,0093,0093,EDS001.bmp 
Serpent Night Dragon,0094,0094,MRL103.bmp 
Chosen One,0095,0095,LON014.bmp 
Eldeen,0096,0096,token_sl.bmp 
Celtic Guardian,0097,0097,SDY009.bmp 
Celtic Guardian,0098,0098,token_sl.bmp 
Elf's Light,0099,0099,TP1006.bmp 
Oscillo Hero #2,0100,0100,TP1016.bmp 
Electric Snake,0101,0101,MRL008.bmp 
Reinforcements,0102,0102,SDY031.bmp 
Fairywitch,0103,0103,token_sl.bmp 
Ancient Elf,0104,0104,SDY024.bmp 
Ocubeam,0105,0105,MRD030.bmp 
Robbin' Goblin,0106,0106,MRD135.bmp 
Royal Decree,0107,0107,TP4001.bmp 
Royal Command,0108,0108,LON080.bmp 
Imperial Order,0109,0109,PSV104.bmp 
Protector of the Throne,0110,0110,MRD087.bmp 
Invader of the Throne,0111,0111,MRL026.bmp 
Guardian of the Throne Room,0112,0112,MRL013.bmp 
Confiscation,0113,0113,MRL038.bmp 
Heavy Storm,0114,0114,MRD142.bmp 
Wolf,0115,0115,token_sl.bmp 
Ghoul with an Appetite,0116,0116,token_sl.bmp 
Major Riot,0117,0117,PSV029.bmp 
Octoberser,0118,0118,MRL052.bmp 
Oscillo Hero,0119,0119,TP1023.bmp 
Trap Hole,0120,0120,SDY027.bmp 
Sonic Maid,0121,0121,TP2012.bmp 
Commencement Dance,0122,0122,MRL062.bmp 
Bait Doll,0123,0123,LON096.bmp 
Oni Tank T-34,0124,0124,PSV059.bmp 
Kanan the Swordmistress,0125,0125,token_sl.bmp 
Souls of the Forgotten,0126,0126,PSV098.bmp 
Tao the Chanter,0127,0127,token_sl.bmp 
Vengeful Bog Spirit,0128,0128,LON103.bmp 
Ryu-Kishin,0129,0129,token_sl.bmp 
Ryu-Kishin Powered,0130,0130,MRD092.bmp 
Curse of Dragon,0131,0131,SDY008.bmp 
Reaper of the Cards,0132,0132,LOB071.bmp 
Garnecia Elefantis,0133,0133,MRD125.bmp 
Gaia Power,0134,0134,MRL096.bmp 
The Portrait's Secret,0135,0135,LON052.bmp 
Kaiser Dragon,0136,0136,token_sl.bmp 
Skull Mariner,0137,0137,PSV092.bmp 
Destruction Punch,0138,0138,LON085.bmp 
Frog The Jam,0139,0139,MP1004.bmp 
Tremendous Fire,0140,0140,MRD088.bmp 
Firegrass,0141,0141,LOB018.bmp 
Kamionwizard,0142,0142,token_sl.bmp 
Dark Magic Ritual,0143,0143,zzz047.bmp 
Black Luster Soldier,0144,0144,token_sl.bmp 
Black Luster Ritual,0145,0145,token_sl.bmp 
Morphing Jar #2,0146,0146,PSV040.bmp 
Science Soldier,0147,0147,PSV097.bmp 
Insect Armor with Laser Cannon,0148,0148,token_sl.bmp 
Invigoration,0149,0149,token_sl.bmp 
Akihiron,0150,0150,token_sl.bmp 
Battle Warrior,0151,0151,zzz015.bmp 
Restructer Revolution,0152,0152,token_sl.bmp 
Gadget Soldier,0153,0153,LON010.bmp 
Spirit of the Winds,0154,0154,token_sl.bmp 
Garuda the Wind Spirit,0155,0155,LON070.bmp 
Djinn the Watcher of the Wind,0156,0156,token_sl.bmp 
Catapult Turtle,0157,0157,MRD075.bmp 
Yaiba Robo,0158,0158,token_sl.bmp 
Overdrive,0159,0159,PSV060.bmp 
Kanikabuto,0160,0160,token_sl.bmp 
Ganigumo,0161,0161,token_sl.bmp 
Kamakiriman,0162,0162,token_sl.bmp 
Lightning Conger,0163,0163,LON060.bmp 
The Immortal of Thunder,0164,0164,MRD099.bmp 
Breath of Light,0165,0165,token_sl.bmp 
Solemn Judgment,0166,0166,MRD127.bmp 
Solemn Wishes,0167,0167,PSV055.bmp 
Turtle Oath,0168,0168,MRL066.bmp 
Grand Tiki Elder,0169,0169,LON011.bmp 
Masked Clown,0170,0170,token_sl.bmp 
,0171,0171,token_sl.bmp 
Curse of the Masked Beast,0172,0172,LON016.bmp 
The Masked Beast,0173,0173,LON001.bmp 
Masked Sorcerer,0174,0174,MRD019.bmp 
Mechanical Spider,0175,0175,token_sl.bmp 
Crow Goblin,0176,0176,token_sl.bmp 
Armored Glass,0177,0177,PSV019.bmp 
Karate Man,0178,0178,TP4013.bmp 
Garoozis,0179,0179,TP2026.bmp 
Garvas,0180,0180,token_sl.bmp 
Karbonala Warrior,0181,0181,LOB067.bmp 
Garma Sword,0182,0182,token_sl.bmp 
Garma Sword Oath,0183,0183,token_sl.bmp 
Rock Ogre Grotto #1,0184,0184,MRD004.bmp 
Boulder Tortoise,0185,0185,token_sl.bmp 
Giant Soldier of Stone,0186,0186,SDY013.bmp 
Rock Spirit,0187,0187,token_sl.bmp 
Blue-Winged Crown,0188,0188,MRD122.bmp 
Barrel Rock,0189,0189,token_sl.bmp 
Key Mace,0190,0190,token_sl.bmp 
Machine King,0191,0191,zzz044.bmp 
Machine Conversion Factory,0192,0192,LOB096.bmp 
Giant Mech-Soldier,0193,0193,token_sl.bmp 
Cyber Soldier,0194,0194,token_sl.bmp 
Giga-Tech Wolf,0195,0195,MRD096.bmp 
Giganto,0196,0196,token_sl.bmp 
Parasite Paracide,0197,0197,PSV003.bmp 
Miracle Dig,0198,0198,LON100.bmp 
Ray & Temperature,0199,0199,LOB035.bmp 
Mushroom Man,0200,0200,token_sl.bmp 
Goddess of Whim,0201,0201,MP1003.bmp 
Gyakutenno Megami,0202,0202,token_sl.bmp 
Kattapillar,0203,0203,token_sl.bmp 
Nekogal #1,0204,0204,token_sl.bmp 
Nekogal #2,0205,0205,token_sl.bmp 
Cannon Soldier,0206,0206,MRD106.bmp 
Gamble,0207,0207,PSV053.bmp 
Perfectly Ultimate Great Moth,0208,0208,zzz045.bmp 
Giant Flea,0209,0209,TP1017.bmp 
Seal of the Ancients,0210,0210,zzz046.bmp 
Battle Steer,0211,0211,MRD064.bmp 
Forced Requisition,0212,0212,PSV025.bmp 
Mask of Brutality,0213,0213,LON020.bmp 
Anthrosaurus,0214,0214,token_sl.bmp 
Wow Warrior,0215,0215,TP1021.bmp 
Megamorph,0216,0216,MRL061.bmp 
Monstrous Bird,0217,0217,token_sl.bmp 
Giant Rat,0218,0218,MRL079.bmp 
Claw Reacher,0219,0219,SDY018.bmp 
Sinister Serpent,0220,0220,SDD002.bmp 
Mystic Tomato,0221,0221,MRL094.bmp 
Frenzied Panda,0222,0222,LOB081.bmp 
Killer Needle,0223,0223,MRD006.bmp 
Gruesome Goo,0224,0224,token_sl.bmp 
Saber Slasher,0225,0225,token_sl.bmp 
Girochin Kuwagata,0226,0226,PSV085.bmp 
Great Mammoth of Goldfine,0227,0227,token_sl.bmp 
King Fog,0228,0228,LOB036.bmp 
Prohibition,0229,0229,PSV039.bmp 
Metal Detector,0230,0230,PSV022.bmp 
Silver Bow and Arrow,0231,0231,LOB091.bmp 
Mirror Wall,0232,0232,PSV016.bmp 
Queen Bird,0233,0233,MRL009.bmp 
Stuffed Animal,0234,0234,MP1007.bmp 
Kunai with Chain,0235,0235,zzz016.bmp 
Peacock,0236,0236,MRL011.bmp 
Painful Choice,0237,0237,MRL049.bmp 
Beaked Snake,0238,0238,token_sl.bmp 
Headless Knight,0239,0239,LON054.bmp 
Kumootoko,0240,0240,LOB082.bmp 
Jellyfish,0241,0241,MRD072.bmp 
Togex,0242,0242,token_sl.bmp 
Grappler,0243,0243,token_sl.bmp 
Gravity Bind,0244,0244,PSV073.bmp 
Crab Turtle,0245,0245,MRL069.bmp 
Griggle,0246,0246,MRL016.bmp 
Mother Grizzly,0247,0247,MRL090.bmp 
Sangan,0248,0248,MRD069.bmp 
Griffore,0249,0249,token_sl.bmp 
Gryphon Wing,0250,0250,zzz026.bmp 
Kuriboh,0251,0251,MRD071.bmp 
Crazy Fish,0252,0252,token_sl.bmp 
Great Bill,0253,0253,token_sl.bmp 
Great White,0254,0254,SDY011.bmp 
Great Moth,0255,0255,MRD070.bmp 
Mikazukinoyaiba,0256,0256,TP2006.bmp 
Feral Imp,0257,0257,SDY002.bmp 
Crimson Sentry,0258,0258,LON033.bmp 
Ogre of the Black Shadow,0259,0259,token_sl.bmp 
Man-eating Black Shark,0260,0260,token_sl.bmp 
Witch of the Black Forest,0261,0261,MRD116.bmp 
Krokodilus,0262,0262,token_sl.bmp 
Twin Long Rods #1,0263,0263,token_sl.bmp 
Soul Exchange,0264,0264,SDY041.bmp 
Dark Magic Curtain,0265,0265,zzz023.bmp 
Curtain of the Dark Ones,0266,0266,token_sl.bmp 
Kwagar Hercules,0267,0267,TP3007.bmp 
Kuwagata Alpha,0268,0268,TP1030.bmp 
Gate Guardian,0269,0269,MRD000.bmp 
Gatekeeper,0270,0270,token_sl.bmp 
Gale Dogra,0271,0271,token_sl.bmp 
Torrential Tribute,0272,0272,LON025.bmp 
Wall of Illusion,0273,0273,SDY034.bmp 
Dreamsprite,0274,0274,LON073.bmp 
Inspection,0275,0275,PSV038.bmp 
The Stern Mystic,0276,0276,SDY033.bmp 
Gazelle the King of Mythical Beasts,0277,0277,MRD124.bmp 
Summoner of Illusions,0278,0278,LON063.bmp 
Mystic Horseman,0279,0279,MRD076.bmp 
Scroll of Bewitchment,0280,0280,LON048.bmp 
The Forceful Sentry,0281,0281,MRL045.bmp 
Negate Attack,0282,0282,zzz008.bmp 
Block Attack,0283,0283,MRD133.bmp 
Enchanting Mermaid,0284,0284,LOB084.bmp 
Snatch Steal,0285,0285,MRL036.bmp 
Steel Ogre Grotto #1,0286,0286,LOB112.bmp 
Wasteland,0287,0287,LOB047.bmp 
Crimson Sunbird,0288,0288,token_sl.bmp 
Queen of Autumn Leaves,0289,0289,TP2024.bmp 
Jar of Greed,0290,0290,LON047.bmp 
Pot of Greed,0291,0291,LOB119.bmp 
Gorgon Egg,0292,0292,token_sl.bmp 
Phantom Ghost,0293,0293,token_sl.bmp 
Pumpking the King of Ghosts,0294,0294,MRD079.bmp 
Ice Water,0295,0295,token_sl.bmp 
Cockroach Knight,0296,0296,TP1029.bmp 
Gokibore,0297,0297,token_sl.bmp 
Dark Sage,0298,0298,token_sl.bmp 
Niwatori,0299,0299,MRD112.bmp 
Change of Heart,0300,0300,SDY032.bmp 
Cosmo Queen,0301,0301,MP1002.bmp 
Ancient Telescope,0302,0302,token_sl.bmp 
Ancient Lizard Warrior,0303,0303,MRD050.bmp 
Ancient Sorcerer,0304,0304,token_sl.bmp 
Kotodama,0305,0305,MRL095.bmp 
Eyearmor,0306,0306,token_sl.bmp 
Goblin Attack Force,0307,0307,PSV094.bmp 
Minor Goblin Official,0308,0308,PSV052.bmp 
Goblin's Secret Remedy,0309,0309,LOB099.bmp 
Cyber Commander,0310,0310,token_sl.bmp 
Golgoil,0311,0311,token_sl.bmp 
Korogashi,0312,0312,token_sl.bmp 
Torike,0313,0313,token_sl.bmp 
Germ Infection,0314,0314,MRD136.bmp 
Hitotsu-Me Giant,0315,0315,LOB002.bmp 
Mystical Space Typhoon,0316,0316,MRL047.bmp 
Cyclon Laser,0317,0317,LON095.bmp 
Psychic Kappa,0318,0318,MRL053.bmp 
Final Destiny,0319,0319,MRL035.bmp 
Cyber Jar,0320,0320,MRL077.bmp 
Cyber Shield,0321,0321,token_sl.bmp 
Cyber-Tech Alligator,0322,0322,zzz019.bmp 
Kinetic Soldier,0323,0323,zzz027.bmp 
Mech Bass,0324,0324,token_sl.bmp 
Mesmeric Control,0325,0325,zzz007.bmp 
Thousand-Eyes Restrict,0326,0326,PSV084.bmp 
Thousand Dragon,0327,0327,MRD143.bmp 
Thousand Dragon,0328,0328,token_sl.bmp 
Thousand Knives,0329,0329,PCY003.bmp 
Succubus Knight,0330,0330,LOB117.bmp 
Relinquished,0331,0331,MRL029.bmp 
Dust Tornado,0332,0332,PSV011.bmp 
Phantom Dewan,0333,0333,token_sl.bmp 
Electromagnetic Bagworm,0334,0334,zzz051.bmp 
Ancient Tree of Enlightenment,0335,0335,token_sl.bmp 
Punished Eagle,0336,0336,MRD100.bmp 
Empress Judge,0337,0337,MRD046.bmp 
Lisark,0338,0338,token_sl.bmp 
The Wandering Doomed,0339,0339,token_sl.bmp 
Salamandra,0340,0340,DDS006.bmp 
Zarigun,0341,0341,token_sl.bmp 
Beautiful Headhuntress,0342,0342,TP2011.bmp 
Kaminarikozou,0343,0343,token_sl.bmp 
Thunder Dragon,0344,0344,MRD097.bmp 
Raigeki,0345,0345,LOB053.bmp 
Mystical Sand,0346,0346,token_sl.bmp 
Sand Stone,0347,0347,LOB109.bmp 
Stain Storm,0348,0348,token_sl.bmp 
"30,000-Year White Turtle",0349,0349,token_sl.bmp 
Sea Kamen,0350,0350,token_sl.bmp 
Sea King Dragon,0351,0351,token_sl.bmp 
Giant Red Seasnake,0352,0352,TP2003.bmp 
Tatsunootoshigo,0353,0353,token_sl.bmp 
Kagemusha of the Blue Flame,0354,0354,LOB028.bmp 
Crawling Dragon #2,0355,0355,TP2027.bmp 
Just Desserts,0356,0356,token_sl.bmp 
Trial of Nightmare,0357,0357,LOB012.bmp 
Valkyrion the Magna Warrior,0358,0358,SDD001.bmp 
Monster Reborn,0359,0359,SDY030.bmp 
Fiend's Hand,0360,0360,token_sl.bmp 
Return of the Doomed,0361,0361,LON021.bmp 
Offerings to the Doomed,0362,0362,LON051.bmp 
Tribute to The Doomed,0363,0363,MRD057.bmp 
Panther Warrior,0364,0364,zzz017.bmp 
,0365,0365,token_sl.bmp 
Dokuroizo the Grim Reaper,0366,0366,token_sl.bmp 
Dokuroyaiba,0367,0367,PSV099.bmp 
Doma The Angel of Silence,0368,0368,SDY015.bmp 
Crush Card,0369,0369,zzz009.bmp 
Mystic Box,0370,0370,zzz041.bmp 
"Spirit Message ""I""",0371,0371,LON089.bmp 
"Spirit Message ""L""",0372,0372,LON092.bmp 
"Spirit Message ""N""",0373,0373,LON090.bmp 
"Spirit Message ""A""",0374,0374,LON091.bmp 
4-Starred Ladybug of Doom,0375,0375,PSV088.bmp 
Ground Collapse,0376,0376,PSV070.bmp 
The Forgiving Maiden,0377,0377,LON044.bmp 
Paralyzing Potion,0378,0378,MRD137.bmp 
Shift,0379,0379,PSV067.bmp 
Island Turtle,0380,0380,PSV095.bmp 
Curse of Fiend,0381,0381,MRL032.bmp 
The Wicked Worm Beast,0382,0382,SDK004.bmp 
Giant Germ,0383,0383,MRL085.bmp 
Shining Abyss,0384,0384,LON009.bmp 
Shining Angel,0385,0385,MRL088.bmp 
Bright Castle,0386,0386,token_sl.bmp 
Luminous Spark,0387,0387,MRL100.bmp 
Wings of Wicked Flame,0388,0388,token_sl.bmp 
Mask of Weakness,0389,0389,LON015.bmp 
Burning Spear,0390,0390,TP1010.bmp 
Genin,0391,0391,token_sl.bmp 
Baron of the Fiend Sword,0392,0392,SDY036.bmp 
The Judgement Hand,0393,0393,TP1026.bmp 
Judge Man,0394,0394,SDK007.bmp 
Shadow Ghoul,0395,0395,MRD090.bmp 
Kageningen,0396,0396,token_sl.bmp 
Javelin Beetle,0397,0397,token_sl.bmp 
Javelin Beetle Pact,0398,0398,token_sl.bmp 
Shovel Crusher,0399,0399,token_sl.bmp 
The 13th Grave,0400,0400,LOB014.bmp 
Sword of Deep-Seated,0401,0401,MRD132.bmp 
Deal of Phantom,0402,0402,LON084.bmp 
Mask of the Accursed,0403,0403,LON019.bmp 
Stop Defense,0404,0404,LOB095.bmp 
Gilasaurus,0405,0405,LON071.bmp 
Horn of Heaven,0406,0406,MRD130.bmp 
Eternal Rest,0407,0407,MRL060.bmp 
Castle Walls,0408,0408,SDY049.bmp 
Jowgen the Spiritualist,0409,0409,LON061.bmp 
Queen's Double,0410,0410,MRD051.bmp 
Empress Mantis,0411,0411,LON040.bmp 
Jirai Gumo,0412,0412,MRD089.bmp 
Tripwire Beast,0413,0413,LOB104.bmp 
Skull Invitation,0414,0414,PSV056.bmp 
Skull Lair,0415,0415,LON082.bmp 
The Earl of Demise,0416,0416,LON056.bmp 
Ring of Magnetism,0417,0417,MRD139.bmp 
Silver Fang,0418,0418,SDY012.bmp 
Fissure,0419,0419,SDY026.bmp 
Abyss Flower,0420,0420,token_sl.bmp 
Dark King of the Abyss,0421,0421,LOB020.bmp 
Deepsea Shark,0422,0422,MRD038.bmp 
Deepsea Warrior,0423,0423,PSV079.bmp 
Cocoon of Evolution,0424,0424,MRD011.bmp 
Goddess with the Third Eye,0425,0425,TP1013.bmp 
Bottom Dweller,0426,0426,MRD039.bmp 
The Eye of Truth,0427,0427,PSV010.bmp 
Jinzo,0428,0428,PSV000.bmp 
Jinzo #7,0429,0429,MRD035.bmp 
Suijin,0430,0430,MRD027.bmp 
Emperor of the Land and Sea,0431,0431,token_sl.bmp 
Amphibious Bugroth,0432,0432,token_sl.bmp 
Super War-Lion,0433,0433,token_sl.bmp 
Hoshiningen,0434,0434,MRD102.bmp 
Sky Dragon,0435,0435,TP2029.bmp 
Skull Red Bird,0436,0436,LOB105.bmp 
Skull Knight,0437,0437,MRD123.bmp 
Dokurorider,0438,0438,TP2009.bmp 
Revival of Dokurorider,0439,0439,TP2010.bmp 
Skelengel,0440,0440,zzz028.bmp 
Skelgon,0441,0441,token_sl.bmp 
Violent Rain,0442,0442,token_sl.bmp 
Vermillion Sparrow,0443,0443,token_sl.bmp 
Star Boy,0444,0444,MRD109.bmp 
Hinotama Soul,0445,0445,LOB026.bmp 
Stone Armadiller,0446,0446,token_sl.bmp 
Stone Ghost,0447,0447,token_sl.bmp 
Stone Ogre Grotto,0448,0448,MRL058.bmp 
Stone D.,0449,0449,token_sl.bmp 
Snakeyashi,0450,0450,token_sl.bmp 
Spike Seadra,0451,0451,LOB103.bmp 
Spikebot,0452,0452,PSV081.bmp 
Nimble Momonga,0453,0453,MRL086.bmp 
Droll Bird,0454,0454,token_sl.bmp 
Blast Sphere,0455,0455,zzz029.bmp 
Spherous Lady,0456,0456,LON059.bmp 
Jam Breeding Machine,0457,0457,LON026.bmp 
Mystical Sheep #2,0458,0458,LOB037.bmp 
Slot Machine,0459,0459,MRL028.bmp 
Chorus of Sanctuary,0460,0460,MRL037.bmp 
Card of Safe Return,0461,0461,LON029.bmp 
St. Joan,0462,0462,LON045.bmp 
Kiseitai,0463,0463,PSV046.bmp 
Respect Play,0464,0464,PSV032.bmp 
Light of Intervention,0465,0465,PSV031.bmp 
Mystical Capture Chain,0466,0466,token_sl.bmp 
Mirror Force,0467,0467,MRD138.bmp 
Mystical Refpanel,0468,0468,token_sl.bmp 
Ill Witch,0469,0469,token_sl.bmp 
Faith Bird,0470,0470,TP2021.bmp 
Magician of Faith,0471,0471,MRD036.bmp 
World Suppression,0472,0472,PSV020.bmp 
The All-Seeing White Tiger,0473,0473,PSV093.bmp 
Total Defense Shogun,0474,0474,zzz048.bmp 
7 Completed,0475,0475,PSV004.bmp 
Sebek's Blessing,0476,0476,zzz030.bmp 
Lord of Zemia,0477,0477,token_sl.bmp 
Zera The Mant,0478,0478,token_sl.bmp 
Zera Ritual,0479,0479,token_sl.bmp 
Ceremonial Bell,0480,0480,MRL092.bmp 
Type Zero Magic Crusher,0481,0481,PSV074.bmp 
Thousand-Eyes Idol,0482,0482,PSV083.bmp 
Drill Bug,0483,0483,PSV078.bmp 
Warrior Elimination,0484,0484,token_sl.bmp 
Senju of the Thousand Hands,0485,0485,MRL080.bmp 
Warrior of Tradition,0486,0486,TP2014.bmp 
Sengenjin,0487,0487,token_sl.bmp 
Millennium Golem,0488,0488,token_sl.bmp 
Millennium Shield,0489,0489,MP1001.bmp 
Sogen,0490,0490,LOB049.bmp 
Multiply,0491,0491,zzz049.bmp 
Twin-Headed Thunder Dragon,0492,0492,MRD120.bmp 
Soul Hunter,0493,0493,token_sl.bmp 
Sword Arm of Dragon,0494,0494,token_sl.bmp 
Sword Hunter,0495,0495,PSV077.bmp 
Zone Eater,0496,0496,token_sl.bmp 
Sonic Bird,0497,0497,MRL093.bmp 
Spirit of the Breeze,0498,0498,LON037.bmp 
Insect Soldiers of the Sky,0499,0499,MRD101.bmp 
Solitude,0500,0500,token_sl.bmp 
Solomon's Lawbook,0501,0501,PSV013.bmp 
Mech Mole Zombie,0502,0502,token_sl.bmp 
Dark Artist,0503,0503,token_sl.bmp 
Dark-Eyes Illusionist,0504,0504,zzz021.bmp 
Dark Elf,0505,0505,MRD113.bmp 
Dark Chimera,0506,0506,token_sl.bmp 
Winged Cleaver,0507,0507,token_sl.bmp 
Dark Gray,0508,0508,LOB011.bmp 
Dark Shade,0509,0509,token_sl.bmp 
Dark Zebra,0510,0510,MRL084.bmp 
Mystic Plasma Zone,0511,0511,MRL101.bmp 
Meda Bat,0512,0512,LOB083.bmp 
Dark Necrofear,0513,0513,LON065.bmp 
Dark Bat,0514,0514,PSV058.bmp 
Zombyra the Dark,0515,0515,LON074.bmp 
Spear Cretin,0516,0516,MRL087.bmp 
Dark Plant,0517,0517,token_sl.bmp 
Dark Prisoner,0518,0518,token_sl.bmp 
Dark Rabbit,0519,0519,token_sl.bmp 
Turtle Tiger,0520,0520,LOB023.bmp 
Turtle Raccoon,0521,0521,token_sl.bmp 
Turtle Bird,0522,0522,MP1014.bmp 
Big Eye,0523,0523,MRD017.bmp 
Raise Body Heat,0524,0524,LOB097.bmp 
Tiger Axe,0525,0525,TP1012.bmp 
Tiger Axe,0526,0526,token_sl.bmp 
Cold Wave,0527,0527,PSV062.bmp 
Ancient Jar,0528,0528,token_sl.bmp 
Dice Armadillo,0529,0529,token_sl.bmp 
Dharma Cannon,0530,0530,TP2018.bmp 
Tyhone,0531,0531,LOB063.bmp 
Jigen Bakudan,0532,0532,MRL074.bmp 
Hyozanryu,0533,0533,MRL075.bmp 
Takuhee,0534,0534,TP2022.bmp 
Takriminos,0535,0535,MP1006.bmp 
Orion the Battle King,0536,0536,token_sl.bmp 
Marie the Fallen One,0537,0537,LON046.bmp 
The Reliable Guardian,0538,0538,MRL044.bmp 
Soul Release,0539,0539,SDP036.bmp 
One Who Hunts Souls,0540,0540,token_sl.bmp 
Bazoo the Soul-Eater,0541,0541,LON064.bmp 
Tongyo,0542,0542,MRD045.bmp 
United We Stand,0543,0543,LON049.bmp 
Winged Egg of New Life,0544,0544,token_sl.bmp 
Dungeon Worm,0545,0545,token_sl.bmp 
Dancing Elf,0546,0546,TP2016.bmp 
Performance of Sword,0547,0547,MRL067.bmp 
Dancing Fairy,0548,0548,LON038.bmp 
Chain Destruction,0549,0549,PSV006.bmp 
Gemini Elf,0550,0550,LON000.bmp 
Change Slime,0551,0551,token_sl.bmp 
Earthshaker,0552,0552,PSV014.bmp 
Collected Power,0553,0553,LON078.bmp 
Ultimate Offering,0554,0554,SDY050.bmp 
Chakra,0555,0555,token_sl.bmp 
Resurrection of Chakra,0556,0556,token_sl.bmp 
Ookazi,0557,0557,token_sl.bmp 
Gradius,0558,0558,PSV089.bmp 
Dian Keto the Cure Master,0559,0559,SDY023.bmp 
Crawling Dragon,0560,0560,MRD012.bmp 
Dark Spirit of the Silent,0561,0561,LON079.bmp 
Twin Long Rods #2,0562,0562,MRL057.bmp 
Toll,0563,0563,MRL034.bmp 
Two-Mouth Darkruler,0564,0564,LOB030.bmp 
Maiden of the Moonlight,0565,0565,TP2023.bmp 
Moon Envoy,0566,0566,token_sl.bmp 
Lunar Queen Elzaim,0567,0567,token_sl.bmp 
Wingweaver,0568,0568,PSV096.bmp 
Dragon Piper,0569,0569,MRD067.bmp 
Princess of Tsurugi,0570,0570,MRD086.bmp 
Turu-Purun,0571,0571,TP2017.bmp 
Giant Scorpion of the Tundra,0572,0572,token_sl.bmp 
DNA Surgery,0573,0573,PSV026.bmp 
Launcher Spider,0574,0574,MRD095.bmp 
Launcher Spider,0575,0575,token_sl.bmp 
Disk Magician,0576,0576,MRD053.bmp 
Ceasefire,0577,0577,PSV030.bmp 
Dig Beak,0578,0578,token_sl.bmp 
Jam Defender,0579,0579,LON028.bmp 
Wicked Mirror,0580,0580,token_sl.bmp 
Axe of Despair,0581,0581,MRL002.bmp 
Summoned Skull,0582,0582,SDY004.bmp 
Air Marmot of Nefariousness,0583,0583,token_sl.bmp 
Rising Air Current,0584,0584,MRL099.bmp 
Skull Stalker,0585,0585,token_sl.bmp 
Sorcerer of the Doomed,0586,0586,SDY038.bmp 
Skullbird,0587,0587,token_sl.bmp 
Bubonic Vermin,0588,0588,PSV057.bmp 
The Drdek,0589,0589,token_sl.bmp 
Corroding Shark,0590,0590,TP1020.bmp 
Gearfried the Iron Knight,0591,0591,PSV101.bmp 
Steel Scorpion,0592,0592,MRD029.bmp 
Steel Ogre Grotto #2,0593,0593,PSV001.bmp 
Fiend Kraken,0594,0594,token_sl.bmp 
The Bistro Butcher,0595,0595,MRD108.bmp 
Serpent Marauder,0596,0596,token_sl.bmp 
Fiend's Mirror,0597,0597,token_sl.bmp 
Zoa,0598,0598,TFK001.bmp 
Spiked Snail,0599,0599,token_sl.bmp 
Koumori Dragon,0600,0600,token_sl.bmp 
Cyber-Stein,0601,0601,zzz039.bmp 
Bickuribox,0602,0602,MRD093.bmp 
Card Destruction,0603,0603,SDY042.bmp 
Graveyard and the Hand of Invitation,0604,0604,token_sl.bmp 
Dunames Dark Witch,0605,0605,zzz032.bmp 
Electric Lizard,0606,0606,MRD048.bmp 
Goblin Fan,0607,0607,TFK003.bmp 
Electro-Whip,0608,0608,LOB093.bmp 
Soul of the Pure,0609,0609,TP2015.bmp 
Graceful Dice,0610,0610,EDS002.bmp 
Fairy's Hand Mirror,0611,0611,MRL041.bmp 
Graceful Charity,0612,0612,SDP040.bmp 
Job-Change Mirror,0613,0613,token_sl.bmp 
Legendary Sword,0614,0614,LOB040.bmp 
Masaki the Legendary Swordsman,0615,0615,LOB038.bmp 
The Legendary Fisherman,0616,0616,PSV076.bmp 
Tentacle Plant,0617,0617,token_sl.bmp 
Tenderness,0618,0618,token_sl.bmp 
Toon Alligator,0619,0619,token_sl.bmp 
Toon Summoned Skull,0620,0620,MRL073.bmp 
Manga Ryu-Ran,0621,0621,MRL071.bmp 
Toon Mermaid,0622,0622,MRL072.bmp 
Toon World,0623,0623,MRL076.bmp 
Seven Tools of the Bandit,0624,0624,MRD129.bmp 
Hero of the East,0625,0625,token_sl.bmp 
Toad Master,0626,0626,token_sl.bmp 
Stim-Pack,0627,0627,MRD141.bmp 
Time Machine,0628,0628,zzz031.bmp 
Time Seal,0629,0629,PSV007.bmp 
Time Wizard,0630,0630,MRD065.bmp 
Necrolancer the Timelord,0631,0631,token_sl.bmp 
Snake Fang,0632,0632,MRL050.bmp 
Temple of Skulls,0633,0633,token_sl.bmp 
Eradicating Aerosol,0634,0634,token_sl.bmp 
Rush Recklessly,0635,0635,MRL043.bmp 
Gust,0636,0636,PSV017.bmp 
Gust Fan,0637,0637,TP1011.bmp 
Greenkappa,0638,0638,zzz033.bmp 
Roaring Ocean Snake,0639,0639,MRD020.bmp 
Flying Penguin,0640,0640,MP1011.bmp 
Tomozaurus,0641,0641,token_sl.bmp 
Tri-Horned Dragon,0642,0642,LOB000.bmp 
Trakadon,0643,0643,token_sl.bmp 
Dragonic Attack,0644,0644,LON101.bmp 
D. Human,0645,0645,token_sl.bmp 
Ryu-Ran,0646,0646,MRL070.bmp 
Dragon Seeker,0647,0647,TP2002.bmp 
Dragon Statue,0648,0648,token_sl.bmp 
Dragon Capture Jar,0649,0649,SDY044.bmp 
Dragon Zombie,0650,0650,SDY014.bmp 
Alligator's Sword Dragon,0651,0651,zzz010.bmp 
Dragon Treasure,0652,0652,LOB092.bmp 
Flying Kamakiri #1,0653,0653,MRL091.bmp 
The Flute of Summoning Dragon,0654,0654,SDK042.bmp 
Trap Master,0655,0655,SDY043.bmp 
Dryad,0656,0656,token_sl.bmp 
Dream Clown,0657,0657,MRD080.bmp 
"Winged Dragon, Guardian of the Fortress #1",0658,0658,SDY003.bmp 
Tornado Wall,0659,0659,LON023.bmp 
Tornado Bird,0660,0660,LON072.bmp 
Kurama,0661,0661,LOB039.bmp 
Trent,0662,0662,MRD052.bmp 
Dorover,0663,0663,token_sl.bmp 
Doron,0664,0664,token_sl.bmp 
The Melting Red Shadow,0665,0665,token_sl.bmp 
The Thing That Hides in the Mud,0666,0666,token_sl.bmp 
Nightmare Scorpion,0667,0667,token_sl.bmp 
Night Lizard,0668,0668,token_sl.bmp 
Misairuzame,0669,0669,LOB111.bmp 
Mysterious Puppeteer,0670,0670,SDK043.bmp 
Mystery Hand,0671,0671,token_sl.bmp 
Upstart Goblin,0672,0672,MRL033.bmp 
Needle Ball,0673,0673,token_sl.bmp 
Needle Worm,0674,0674,TP3001.bmp 
Fake Trap,0675,0675,MRD056.bmp 
Two-Headed King Rex,0676,0676,TP2025.bmp 
Three-Legged Zombies,0677,0677,MP1010.bmp 
Slate Warrior,0678,0678,zzz034.bmp 
Beastking of the Swamps,0679,0679,TP1014.bmp 
Eatgaboon,0680,0680,MRL065.bmp 
Neck Hunter,0681,0681,token_sl.bmp 
Nemuriko,0682,0682,LOB013.bmp 
Sleeping Lion,0683,0683,token_sl.bmp 
House of Adhesive Tape,0684,0684,MRL064.bmp 
Fiend Sword,0685,0685,token_sl.bmp 
Burglar,0686,0686,token_sl.bmp 
Mystic Clown,0687,0687,SDY019.bmp 
Hard Armor,0688,0688,LOB074.bmp 
Harpie's Brother,0689,0689,PSV049.bmp 
Darkfire Soldier #1,0690,0690,PSV043.bmp 
Molten Destruction,0691,0691,MRL098.bmp 
Lava Battleguard,0692,0692,MRD115.bmp 
Swamp Battleguard,0693,0693,MRD063.bmp 
Harpie's Pet Dragon,0694,0694,FMR002.bmp 
Harpie's Feather Duster,0695,0695,SDD003.bmp 
Harpie Lady,0696,0696,MRD008.bmp 
Cyber Harpie,0697,0697,token_sl.bmp 
Harpie Lady Sisters,0698,0698,MRD009.bmp 
Spirit of the Harp,0699,0699,LOB078.bmp 
Bio-Mage,0700,0700,LON043.bmp 
Bio Plant,0701,0701,token_sl.bmp 
Lady of Faith,0702,0702,MRD119.bmp 
Graverobber,0703,0703,PSV008.bmp 
Graverobber's Retribution,0704,0704,LON083.bmp 
Versago the Destroyer,0705,0705,TP1015.bmp 
Destroyer Golem,0706,0706,MRD040.bmp 
Ring of Destruction,0707,0707,PGD000.bmp 
Steel Shell,0708,0708,TP1007.bmp 
Call of the Grave,0709,0709,TP2005.bmp 
Gravedigger Ghoul,0710,0710,LOB065.bmp 
Gravekeeper's Servant,0711,0711,MRL031.bmp 
Numinous Healer,0712,0712,PSV023.bmp 
Bombardment Beetle,0713,0713,PSV087.bmp 
Attack and Receive,0714,0714,PSV054.bmp 
Two-Pronged Attack,0715,0715,SDY028.bmp 
Buster Blader,0716,0716,PSV050.bmp 
The Emperor's Holiday,0717,0717,LON087.bmp 
The Unhappy Maiden,0718,0718,MRD134.bmp 
Bat,0719,0719,token_sl.bmp 
Happy Lover,0720,0720,token_sl.bmp 
Patrol Robo,0721,0721,TP1004.bmp 
Haniwa,0722,0722,token_sl.bmp 
Hane-Hane,0723,0723,LOB110.bmp 
Meotoko,0724,0724,token_sl.bmp 
Berfomet,0725,0725,zzz035.bmp 
Premature Burial,0726,0726,PSV037.bmp 
Hayabusa Knight,0727,0727,PSV086.bmp 
Rose Spectre of Dunn,0728,0728,token_sl.bmp 
Giant Trunade,0729,0729,MRL048.bmp 
Hurricail,0730,0730,token_sl.bmp 
Barox,0731,0731,token_sl.bmp 
Parrot Dragon,0732,0732,TP2028.bmp 
Amphibian Beast,0733,0733,LON008.bmp 
Hungry Burger,0734,0734,MRL068.bmp 
Hunter Spider,0735,0735,MRD049.bmp 
Widespread Ruin,0736,0736,token_sl.bmp 
Hamburger Recipe,0737,0737,MRL063.bmp 
Final Flame,0738,0738,LOB100.bmp 
Bean Soldier,0739,0739,TP1018.bmp 
Swords of Revealing Light,0740,0740,LOB101.bmp 
Banisher of the Light,0741,0741,MRL078.bmp 
Horn of Light,0742,0742,MRL004.bmp 
Lightforce Sword,0743,0743,PSV005.bmp 
Fairy Guardian,0744,0744,LON039.bmp 
Book of Secret Arts,0745,0745,SDY021.bmp 
Hysteric Fairy,0746,0746,LON042.bmp 
Big Insect,0747,0747,token_sl.bmp 
Big Shield Gardna,0748,0748,zzz036.bmp 
Fire Princess,0749,0749,LON034.bmp 
Twin-Headed Fire Dragon,0750,0750,PSV042.bmp 
Man-Eating Plant,0751,0751,token_sl.bmp 
Man-Eating Treasure Chest,0752,0752,SDY037.bmp 
Man-Eater Bug,0753,0753,SDY046.bmp 
Hitodenchak,0754,0754,token_sl.bmp 
Sparks,0755,0755,LOB055.bmp 
Hibikime,0756,0756,MRD055.bmp 
Humanoid Slime,0757,0757,LON003.bmp 
Humanoid Worm Drake,0758,0758,LON005.bmp 
Hyo,0759,0759,token_sl.bmp 
Flash Assailant,0760,0760,MRL082.bmp 
Hyosube,0761,0761,MRD054.bmp 
Anti Raigeki,0762,0762,TP3002.bmp 
Appropriate,0763,0763,PSV024.bmp 
Fire Eye,0764,0764,token_sl.bmp 
Firewing Pegasus,0765,0765,token_sl.bmp 
Fire Kraken,0766,0766,MRL014.bmp 
Fire Sorcerer,0767,0767,LON036.bmp 
Fire Reaper,0768,0768,token_sl.bmp 
Hinotama,0769,0769,LOB056.bmp 
Synchar,0770,0770,token_sl.bmp 
Dark Witch,0771,0771,MRL019.bmp 
Red-Moon Baby,0772,0772,PSV090.bmp 
Vishwar Randi,0773,0773,token_sl.bmp 
Exodia the Forbidden One,0774,0774,LOB124.bmp 
Left Leg of the Forbidden One,0775,0775,LOB121.bmp 
Left Arm of the Forbidden One,0776,0776,LOB123.bmp 
Right Leg of the Forbidden One,0777,0777,LOB120.bmp 
Right Arm of the Forbidden One,0778,0778,LOB122.bmp 
Binding Chain,0779,0779,token_sl.bmp 
Boo Koo,0780,0780,token_sl.bmp 
Kazejin,0781,0781,MRD026.bmp 
Fairy Dragon,0782,0782,token_sl.bmp 
Riryoku,0783,0783,zzz037.bmp 
Riryoku Field,0784,0784,LON081.bmp 
Follow Wind,0785,0785,LOB098.bmp 
Insect Imitation,0786,0786,PSV068.bmp 
Ancient One of the Deep Forest,0787,0787,MRL018.bmp 
Kappa Avenger,0788,0788,token_sl.bmp 
Swordstalker,0789,0789,SDK025.bmp 
Petit Angel,0790,0790,LOB025.bmp 
Petit Moth,0791,0791,MRD023.bmp 
Petit Dragon,0792,0792,LOB024.bmp 
Supply,0793,0793,LON075.bmp 
Fusionist,0794,0794,LOB022.bmp 
Fusion Gate,0795,0795,LON098.bmp 
Flying Fish,0796,0796,LON007.bmp 
Flying Kamakiri #2,0797,0797,PSV048.bmp 
Bracchio-raidus,0798,0798,token_sl.bmp 
Pragtical,0799,0799,token_sl.bmp 
B. Skull Dragon,0800,0800,MRD018.bmp 
Black Pendant,0801,0801,MRL003.bmp 
Dark Hole,0802,0802,SDY022.bmp 
Dark Magician,0803,0803,SDY006.bmp 
Dark Magician,0804,0804,zzz001.bmp 
Dark Magician,0805,0805,token_sl.bmp 
Dark Magician Girl,0806,0806,MFC000.bmp 
Vorse Raider,0807,0807,zzz004.bmp 
Flower Wolf,0808,0808,LOB107.bmp 
Pendulum Machine,0809,0809,token_sl.bmp 
Pendulum Machine,0810,0810,token_sl.bmp 
Prisman,0811,0811,token_sl.bmp 
Prevent Rat,0812,0812,MRD084.bmp 
Cure Mermaid,0813,0813,LON041.bmp 
Blue-Eyes Ultimate Dragon,0814,0814,zzz006.bmp 
Blue-Eyes Toon Dragon,0815,0815,MRL000.bmp 
Blue-Eyes White Dragon,0816,0816,LOB001.bmp 
Blue-Eyes White Dragon,0817,0817,zzz002.bmp 
Blue-Eyed Silver Zombie,0818,0818,token_sl.bmp 
Armed Ninja,0819,0819,LOB106.bmp 
Blue Medicine,0820,0820,TP1008.bmp 
Brave Scizzar,0821,0821,token_sl.bmp 
Flame Champion,0822,0822,PSV041.bmp 
Flame Cerebrus,0823,0823,MRD111.bmp 
Flame Ghost,0824,0824,LOB029.bmp 
Flame Dancer,0825,0825,LON058.bmp 
Flame Viper,0826,0826,token_sl.bmp 
Bladefly,0827,0827,MRD118.bmp 
Shining Friendship,0828,0828,TP1024.bmp 
Blocker,0829,0829,token_sl.bmp 
Pale Beast,0830,0830,MRD047.bmp 
Messenger of Peace,0831,0831,MRL102.bmp 
Basic Insect,0832,0832,LOB008.bmp 
Little D,0833,0833,token_sl.bmp 
Baby Dragon,0834,0834,MRD061.bmp 
Behegon,0835,0835,token_sl.bmp 
Hercules Beetle,0836,0836,TP1025.bmp 
Gate Deeg,0837,0837,token_sl.bmp 
Shadow Specter,0838,0838,token_sl.bmp 
Penguin Soldier,0839,0839,SDJ022.bmp 
Penguin Knight,0840,0840,MRL001.bmp 
Boar Soldier,0841,0841,MRL089.bmp 
Mystical Elf,0842,0842,SDY001.bmp 
Gift of The Mystical Elf,0843,0843,PSV009.bmp 
Soul of Purity and Light,0844,0844,LON066.bmp 
Enchanted Javelin,0845,0845,PSV015.bmp 
Rogue Doll,0846,0846,token_sl.bmp 
Seiyaryu,0847,0847,DDS004.bmp 
Lucky Trinket,0848,0848,token_sl.bmp 
Boneheimer,0849,0849,LON057.bmp 
Nobleman of Extermination,0850,0850,PSV035.bmp 
Backup Soldier,0851,0851,PSV028.bmp 
Power of Kaishin,0852,0852,LOB044.bmp 
Pot the Trick,0853,0853,token_sl.bmp 
Bone Mouse,0854,0854,token_sl.bmp 
Lady Assailant of Flames,0855,0855,LON035.bmp 
Charubin the Fire Knight,0856,0856,LOB015.bmp 
Darkfire Soldier #2,0857,0857,PSV045.bmp 
Flame Swordsman,0858,0858,LOB003.bmp 
Flame Swordsman,0859,0859,token_sl.bmp 
Spirit of Flames,0860,0860,LON067.bmp 
Fireyarou,0861,0861,LOB085.bmp 
Flame Manipulator,0862,0862,LOB016.bmp 
Giant Turtle Who Feeds on Flames,0863,0863,MRL022.bmp 
Spiritualism,0864,0864,LON094.bmp 
Bolt Escargot,0865,0865,token_sl.bmp 
Bolt Penguin,0866,0866,token_sl.bmp 
Holograh,0867,0867,token_sl.bmp 
White Magical Hat,0868,0868,MRD016.bmp 
White Dolphin,0869,0869,token_sl.bmp 
White Hole,0870,0870,TP1005.bmp 
Spirit of the Books,0871,0871,TP2020.bmp 
,0872,0872,token_sl.bmp 
Crass Clown,0873,0873,MRD078.bmp 
Clown Zombie,0874,0874,token_sl.bmp 
Mountain Warrior,0875,0875,token_sl.bmp 
Fungi of the Musk,0876,0876,token_sl.bmp 
Darkworld Thorns,0877,0877,LOB114.bmp 
Cyber Soldier of Darkworld,0878,0878,TP1028.bmp 
Makiu,0879,0879,zzz040.bmp 
Mabarrel,0880,0880,token_sl.bmp 
Vile Germs,0881,0881,LOB090.bmp 
Barrel Lily,0882,0882,token_sl.bmp 
M-Warrior #1,0883,0883,LOB076.bmp 
M-Warrior #2,0884,0884,LOB077.bmp 
Alpha The Magnet Warrior,0885,0885,DOR001.bmp 
Gamma The Magnet Warrior,0886,0886,DOR003.bmp 
Beta The Magnet Warrior,0887,0887,DOR002.bmp 
Dissolverock,0888,0888,LOB031.bmp 
Magical Ghost,0889,0889,SDY025.bmp 
Magical Hats,0890,0890,PSV033.bmp 
Magician of Black Chaos,0891,0891,zzz038.bmp 
Magic-Arm Shield,0892,0892,zzz011.bmp 
Magic Jammer,0893,0893,MRD128.bmp 
Magic Cylinder,0894,0894,LON104.bmp 
Magic Drain,0895,0895,PSV071.bmp 
Ancient Lamp,0896,0896,zzz005.bmp 
Mystical Moon,0897,0897,LOB094.bmp 
Last Day of Witch,0898,0898,token_sl.bmp 
Machine Attacker,0899,0899,token_sl.bmp 
Madjinn Gunn,0900,0900,token_sl.bmp 
Witty Phantom,0901,0901,SDY017.bmp 
Terra the Terrible,0902,0902,LOB080.bmp 
Master & Expert,0903,0903,token_sl.bmp 
Dragoness the Wicked Knight,0904,0904,LOB086.bmp 
Mushroom Man #2,0905,0905,MRD114.bmp 
Nobleman of Crossout,0906,0906,PSV034.bmp 
Ancient Brain,0907,0907,MRD082.bmp 
The Fiend Megacyber,0908,0908,PSV100.bmp 
Giltia the D. Knight,0909,0909,MRD094.bmp 
Mage Power,0910,0910,LON050.bmp 
Wicked Dragon with the Ersatz Head,0911,0911,token_sl.bmp 
Maha Vailo,0912,0912,MRL012.bmp 
Anti-Spell Fragrance,0913,0913,PCY002.bmp 
Mavelus,0914,0914,token_sl.bmp 
Neo the Magic Swordsman,0915,0915,SDY035.bmp 
De-Spell,0916,0916,SDY029.bmp 
Mystic Probe,0917,0917,PSV021.bmp 
Mystic Lamp,0918,0918,MRD028.bmp 
Kojikocy,0919,0919,MRD010.bmp 
Maryokutai,0920,0920,LON076.bmp 
Chain Energy,0921,0921,MRL046.bmp 
Magic Thorn,0922,0922,zzz052.bmp 
Mask of Dispel,0923,0923,LON017.bmp 
Marine Beast,0924,0924,token_sl.bmp 
Man Eater,0925,0925,LOB075.bmp 
Elegant Egotist,0926,0926,MRD024.bmp 
Mammoth Graveyard,0927,0927,SDY010.bmp 
The Unfriendly Amazon,0928,0928,LON031.bmp 
Shield & Sword,0929,0929,SDJ040.bmp 
Embryonic Beast,0930,0930,token_sl.bmp 
The Inexperienced Spy,0931,0931,token_sl.bmp 
Mr. Volcano,0932,0932,PSV044.bmp 
Blast Juggler,0933,0933,MRD034.bmp 
Water Omotics,0934,0934,MRD021.bmp 
Aqua Spirit,0935,0935,LON068.bmp 
Water Magician,0936,0936,TP2030.bmp 
High Tide Gyojin,0937,0937,MRL025.bmp 
Michizure,0938,0938,PSV051.bmp 
Three-Headed Geedo,0939,0939,PSV002.bmp 
Midnight Fiend,0940,0940,token_sl.bmp 
B. Dragon Jungle King,0941,0941,token_sl.bmp 
Witch's Apprentice,0942,0942,MRD121.bmp 
Rabid Horseman,0943,0943,MRD077.bmp 
Battle Ox,0944,0944,SDK005.bmp 
Musician King,0945,0945,MRD103.bmp 
Muse-A,0946,0946,token_sl.bmp 
Fiend Reflection #2,0947,0947,LOB021.bmp 
Milus Radiant,0948,0948,MRD110.bmp 
The Bewitching Phantom Thief,0949,0949,token_sl.bmp 
Muka Muka,0950,0950,MRD107.bmp 
Infinite Cards,0951,0951,LON027.bmp 
Blind Destruction,0952,0952,LON086.bmp 
Insect Barrier,0953,0953,PSV102.bmp 
The Gross Ghost of Fled Dreams,0954,0954,LON053.bmp 
Violet Crystal,0955,0955,LOB042.bmp 
Guardian of the Labyrinth,0956,0956,MRD083.bmp 
Labyrinth Tank,0957,0957,MRD091.bmp 
Labyrinth Wall,0958,0958,MRL055.bmp 
Magical Labyrinth,0959,0959,MRL059.bmp 
Megazowler,0960,0960,token_sl.bmp 
Cyber Saurus,0961,0961,MRD105.bmp 
Mega Thunderball,0962,0962,MRD044.bmp 
Megasonic Eye,0963,0963,MP1008.bmp 
Mechanical Snail,0964,0964,MRL021.bmp 
Mechanicalchaser,0965,0965,TP1001.bmp 
Cyber Falcon,0966,0966,PSV047.bmp 
Mechaleon,0967,0967,token_sl.bmp 
Megirus Light,0968,0968,token_sl.bmp 
Rain of Mercy,0969,0969,PSV065.bmp 
Infinite Dismissal,0970,0970,PSV072.bmp 
Nuvia the Wicked,0971,0971,LON013.bmp 
Morphing Jar,0972,0972,TP2001.bmp 
Metal Guardian,0973,0973,token_sl.bmp 
Metalmorph,0974,0974,FMR003.bmp 
Metalzoa,0975,0975,TFK002.bmp 
Metal Dragon,0976,0976,LOB102.bmp 
Metal Fish,0977,0977,MRL007.bmp 
Fairy Meteor Crush,0978,0978,PSV063.bmp 
Meteor Dragon,0979,0979,token_sl.bmp 
Meteor B. Dragon,0980,0980,token_sl.bmp 
The Snake Hair,0981,0981,token_sl.bmp 
Melchid the Four-Face Beast,0982,0982,LON012.bmp 
Beast Fangs,0983,0983,LOB041.bmp 
Mad Sword Beast,0984,0984,PSV091.bmp 
Driving Snow,0985,0985,PSV018.bmp 
Mooyan Curry,0986,0986,token_sl.bmp 
Burning Land,0987,0987,PSV061.bmp 
Supporter in the Shadows,0988,0988,token_sl.bmp 
Copycat,0989,0989,zzz012.bmp 
Forest,0990,0990,LOB046.bmp 
Wood Remains,0991,0991,token_sl.bmp 
Wodan the Resident of the Forest,0992,0992,TP1027.bmp 
Morinphen,0993,0993,MRD043.bmp 
Monster Eye,0994,0994,token_sl.bmp 
Monster Egg,0995,0995,LOB017.bmp 
Monster Recovery,0996,0996,PSV066.bmp 
Monster Tamer,0997,0997,token_sl.bmp 
Monsturtle,0998,0998,token_sl.bmp 
Fairy Box,0999,0999,LON024.bmp 
Mon Larvas,1000,1000,token_sl.bmp 
Yashinoki,1001,1001,token_sl.bmp 
Yado Karu,1002,1002,MRD104.bmp 
Wretched Ghost of the Attic,1003,1003,token_sl.bmp 
Mountain,1004,1004,LOB048.bmp 
Yamatano Dragon Scroll,1005,1005,token_sl.bmp 
Yamadron,1006,1006,MP1009.bmp 
Spirit of the Mountain,1007,1007,token_sl.bmp 
Yami,1008,1008,SDY045.bmp 
Dark Energy,1009,1009,LOB088.bmp 
Call of the Dark,1010,1010,token_sl.bmp 
Castle of Dark Illusions,1011,1011,MRD073.bmp 
Saggi the Dark Clown,1012,1012,MRD066.bmp 
Sectarian of Secrets,1013,1013,token_sl.bmp 
Dark Assailant,1014,1014,token_sl.bmp 
Darkness Approaches,1015,1015,MRL040.bmp 
Mask of Darkness,1016,1016,MRD014.bmp 
Shadow Spell,1017,1017,token_sl.bmp 
Sword of Dark Destruction,1018,1018,SDY020.bmp 
King of Yamimakai,1019,1019,MRD074.bmp 
Dark-Piercing Light,1020,1020,MP1015.bmp 
The Shadow Who Controls the Dark,1021,1021,token_sl.bmp 
Yaranzo,1022,1022,MP1005.bmp 
Last Will,1023,1023,SDY039.bmp 
,1024,1024,token_sl.bmp 
Hourglass of Courage,1025,1025,token_sl.bmp 
Polymerization,1026,1026,LOB059.bmp 
Polymerization,1027,1027,token_sl.bmp 
De-Fusion,1028,1028,LON097.bmp 
Fusion Sage,1029,1029,zzz018.bmp 
UFO Turtle,1030,1030,MRL081.bmp 
Chimera the Flying Mythical Beast,1031,1031,zzz024.bmp 
Shadow of Eyes,1032,1032,PSV075.bmp 
Red Archery Girl,1033,1033,MRL030.bmp 
The Cheerful Coffin,1034,1034,MRD059.bmp 
Fortress Whale,1035,1035,token_sl.bmp 
Fortress Whale's Oath,1036,1036,token_sl.bmp 
Fairy King Truesdale,1037,1037,token_sl.bmp 
Fairy's Gift,1038,1038,MP1012.bmp 
Yormungarde,1039,1039,token_sl.bmp 
Armored Rat,1040,1040,token_sl.bmp 
Zanki,1041,1041,token_sl.bmp 
Armored Zombie,1042,1042,MRD013.bmp 
Ooguchi,1043,1043,MRD032.bmp 
Larvas,1044,1044,LOB073.bmp 
Larvae Moth,1045,1045,MRD007.bmp 
War-Lion Ritual,1046,1046,token_sl.bmp 
Kaminari Attack,1047,1047,MRD041.bmp 
Sanga of the Thunder,1048,1048,MRD025.bmp 
Raimei,1049,1049,TP1009.bmp 
LaMoon,1050,1050,token_sl.bmp 
LaLa Li-oon,1051,1051,token_sl.bmp 
Swordsman of Landstar,1052,1052,SDJ002.bmp 
Lord of the Lamp,1053,1053,token_sl.bmp 
La Jinn the Mystical Genie of the Lamp,1054,1054,SDK026.bmp 
Liquid Beast,1055,1055,MRL023.bmp 
Ground Attacker Bugroth,1056,1056,MRD022.bmp 
Rigras Leever,1057,1057,zzz042.bmp 
Little Chimera,1058,1058,MRD117.bmp 
Kairyu-Shin,1059,1059,token_sl.bmp 
Revival Jam,1060,1060,LON006.bmp 
Call Of The Haunted,1061,1061,PSV012.bmp 
Barrel Dragon,1062,1062,MRD126.bmp 
Limiter Removal,1063,1063,PSV064.bmp 
Gaia the Dragon Champion,1064,1064,LOB125.bmp 
Sword of Dragon's Soul,1065,1065,zzz053.bmp 
Acid Trap Hole,1066,1066,DDS005.bmp 
Green Phantom King,1067,1067,LOB034.bmp 
Beaver Warrior,1068,1068,SDY005.bmp 
Root Water,1069,1069,LOB032.bmp 
Rude Kaiser,1070,1070,token_sl.bmp 
Rare Fish,1071,1071,token_sl.bmp 
Spirit Elimination,1072,1072,LON102.bmp 
Kycoo the Ghost Destroyer,1073,1073,LON062.bmp 
7 Colored Fish,1074,1074,MRD098.bmp 
Rainbow Flower,1075,1075,MRD042.bmp 
Rainbow Marine Mermaid,1076,1076,token_sl.bmp 
Laser Cannon Armor,1077,1077,LOB089.bmp 
Leo Wizard,1078,1078,token_sl.bmp 
Leogun,1079,1079,MRD033.bmp 
Leghul,1080,1080,MRD031.bmp 
Lesser Dragon,1081,1081,LOB113.bmp 
Red-Eyes B. Dragon,1082,1082,LOB070.bmp 
Red-Eyes Black Metal Dragon,1083,1083,FMR001.bmp 
Akakieisu,1084,1084,token_sl.bmp 
Tyhone #2,1085,1085,MRL017.bmp 
Red Medicine,1086,1086,LOB054.bmp 
Lady Panther,1087,1087,LON030.bmp 
Royal Guard,1088,1088,token_sl.bmp 
Skull Guardian,1089,1089,TP2007.bmp 
Lord of D.,1090,1090,SDK041.bmp 
Novox's Prayer,1091,1091,TP2008.bmp 
Spellbinding Circle,1092,1092,MRL006.bmp 
Rocket Warrior,1093,1093,zzz013.bmp 
Key Mace #2,1094,1094,token_sl.bmp 
Worm Drake,1095,1095,LON004.bmp 
Dimensionhole,1096,1096,PSV069.bmp 
Skull Servant,1097,1097,LOB004.bmp 
"Winged Dragon, Guardian of the Fortress #2",1098,1098,TP1022.bmp 
Alligator's Sword,1099,1099,zzz014.bmp 
Uraby,1100,1100,LOB069.bmp 
Remove Trap,1101,1101,SDY048.bmp 
Waboku,1102,1102,SDY040.bmp 
Laughing Flower,1103,1103,token_sl.bmp 
One-Eyed Shield Dragon,1104,1104,LOB087.bmp 
Kuriboh,1105,1105,zzz003.bmp 
Scapegoat,1106,1106,SDJ041.bmp 
Glory of the King's Hand,1107,1107,token_sl.bmp 
Obelisk the Tormentor,1108,1108,token_sl.bmp 
Slifer the Sky Dragon,1109,1109,token_sl.bmp 
The Winged Dragon of Ra,1110,1110,token_sl.bmp 
Insect Monster Token,1111,1111,token_in.bmp 
Kuriboh Token,1112,1112,token_ku.bmp 
Sheep Token,1113,1113,token_sh.bmp 
Slime Token,1114,1114,token_sl.bmp 
